{"columns":["snapshot","1","2","3","4","5","6","7","8","9","10","11","12","13"],"index":[0,1,2,3,4,5,6,7,8,9,10,11,12,13,14,15,16,17,18,19,20,21,22,23,24,25,26,27,28,29,30,31,32,33,34,35,36,37,38,39,40,41,42,43,44,45,46,47,48,49,50,51,52,53,54,55],"data":[[1362096000000,-806.759,351.033,-1335.89,616.182,890.326,1939.22,-231.595,-779.595,879.642,281.057,1867.47,53.7329,-20.2411],[1362106800000,-904.13,220.707,-1346.54,695.465,978.984,1891.61,-281.729,-641.591,1056.54,255.457,1797.14,-89.4342,-1.27172],[1362117600000,-1625.63,-400.227,-1132.85,597.63,1295.74,1644.15,-365.258,-391.72,842.609,146.775,1866.38,-99.4403,31.8512],[1362128400000,-1715.16,-476.685,-1106.06,585.366,1335.44,1613.13,-375.869,-362.554,815.792,133.151,1875.98,-100.695,35.8628],[1362139200000,-1163.49,-2.31259,-1269.64,660.256,1092.98,1802.56,-311.834,-552.357,979.548,216.345,1822.35,-93.0352,10.6035],[1362150000000,-693.489,387.768,-1415.5,727.04,876.755,1971.48,-254.006,-710.486,1125.58,290.534,1752.57,-86.2048,-11.1967],[1362160800000,-694.105,379.315,-1418.99,728.635,871.591,1975.51,-253.367,-725.658,1129.07,292.306,1739.07,-86.0417,-12.4595],[1362171600000,-710.448,359.924,-1414.52,716.723,864.941,1977.71,-246.002,-711.001,1102.29,293.92,1731.51,-67.2021,-12.5873],[1362182400000,-845.579,346.293,-1304.6,575.827,899.684,1924.44,-225.353,-803.742,790.384,276.182,1920.29,102.532,-23.1331],[1362193200000,-871.428,248.827,-1356.23,699.904,964.611,1902.84,-277.933,-652.842,1066.24,260.389,1793.96,-88.9801,-2.76904],[1362204000000,-1552.05,-336.434,-1154.42,607.508,1263.76,1669.14,-356.937,-418.671,864.208,157.748,1860.13,-98.4301,28.3948],[1362214800000,-1622.78,-397.25,-1133.45,597.907,1294.84,1644.85,-365.146,-394.337,843.214,147.082,1867.0,-99.412,31.6331],[1362225600000,-1127.03,29.0374,-1280.45,665.205,1076.95,1815.07,-307.602,-564.901,990.371,221.843,1818.81,-92.529,8.93423],[1362236400000,-693.007,394.386,-1412.78,725.791,880.798,1968.32,-255.799,-718.451,1122.85,289.146,1763.15,-86.3325,-11.5004],[1362247200000,-700.307,368.859,-1418.82,725.0,867.163,1977.86,-250.531,-728.003,1120.8,293.578,1730.9,-79.1772,-13.1168],[1362258000000,-764.84,358.983,-1367.99,658.667,881.676,1954.08,-239.403,-762.098,973.897,285.829,1815.28,1.57957,-17.591],[1362268800000,-886.936,332.5,-1275.69,535.426,904.372,1912.88,-215.41,-802.988,700.773,272.816,1961.58,153.624,-24.7545],[1362279600000,-863.472,254.314,-1359.22,701.271,960.185,1906.3,-276.441,-651.345,1069.23,261.908,1790.87,-88.8403,-2.90699],[1362290400000,-1557.4,-344.458,-1154.42,607.508,1263.76,1669.14,-356.119,-406.117,864.208,157.748,1854.78,-98.4301,29.2123],[1362301200000,-1622.78,-397.25,-1133.45,597.907,1294.84,1644.85,-365.146,-394.337,843.214,147.082,1867.0,-99.412,31.6331],[1362312000000,-1141.44,14.7173,-1277.06,663.657,1081.97,1811.16,-308.467,-553.918,986.985,220.123,1816.91,-92.6873,9.91619],[1362322800000,-692.896,395.898,-1412.15,725.506,881.721,1967.6,-255.026,-702.117,1122.22,288.83,1765.56,-86.3617,-10.3875],[1362333600000,-693.507,387.518,-1415.61,727.087,876.602,1971.6,-254.691,-721.735,1125.68,290.586,1752.17,-86.2,-11.9375],[1362344400000,-751.778,353.628,-1381.65,673.939,873.957,1962.76,-238.885,-732.926,1007.77,289.067,1785.61,-15.1859,-15.4578],[1362355200000,-893.288,338.852,-1267.14,526.877,910.378,1906.87,-217.073,-828.523,681.934,270.463,1982.43,162.173,-26.4175],[1362366000000,-866.3,253.236,-1357.75,700.6,962.357,1904.6,-277.338,-654.606,1067.77,261.162,1793.46,-88.9089,-3.00385],[1362376800000,-1624.81,-399.002,-1132.85,597.63,1295.74,1644.15,-365.383,-393.636,842.609,146.775,1867.2,-99.4403,31.7264],[1362387600000,-1715.16,-476.685,-1106.06,585.366,1335.44,1613.13,-375.869,-362.554,815.792,133.151,1875.98,-100.695,35.8628],[1362398400000,-1163.49,-2.31259,-1269.64,660.256,1092.98,1802.56,-311.834,-552.357,979.548,216.345,1822.35,-93.0352,10.6035],[1362409200000,-692.93,395.44,-1412.34,725.592,881.441,1967.81,-255.798,-715.324,1122.41,288.926,1764.83,-86.3528,-11.2625],[1362420000000,-693.265,390.841,-1414.24,726.46,878.632,1970.01,-255.227,-720.146,1124.31,289.89,1757.48,-86.2641,-11.726],[1362430800000,-702.907,361.964,-1422.66,726.857,866.461,1977.38,-247.636,-709.701,1122.63,293.59,1723.17,-79.1938,-12.2125],[1362441600000,-845.986,346.396,-1304.2,575.356,899.872,1924.21,-225.345,-804.458,789.348,276.1,1921.1,103.062,-23.1889],[1362452400000,-880.952,240.637,-1353.41,698.611,968.797,1899.57,-279.039,-649.565,1063.42,258.953,1794.88,-89.1124,-2.33297],[1362463200000,-1624.81,-399.002,-1132.85,597.63,1295.74,1644.15,-365.383,-393.636,842.609,146.775,1867.2,-99.4403,31.7264],[1362474000000,-1715.16,-476.685,-1106.06,585.366,1335.44,1613.13,-375.869,-362.554,815.792,133.151,1875.98,-100.695,35.8628],[1362484800000,-1145.2,13.4145,-1275.06,662.739,1084.94,1808.84,-309.711,-558.65,984.977,219.103,1820.57,-92.7812,9.76612],[1362495600000,-694.981,370.148,-1422.59,730.144,866.057,1979.79,-251.628,-726.622,1132.36,294.195,1724.74,-85.6034,-12.8265],[1362506400000,-721.11,362.318,-1404.0,704.485,869.684,1971.94,-245.68,-728.826,1075.37,291.832,1752.35,-53.3617,-13.9986],[1362517200000,-737.8,364.428,-1388.53,685.977,876.286,1963.52,-244.558,-751.769,1034.49,288.841,1782.16,-32.0272,-15.9344],[1362528000000,-841.129,345.169,-1309.01,580.93,897.586,1926.95,-225.441,-795.924,801.637,277.097,1911.37,96.7843,-22.5232],[1362538800000,-877.261,243.811,-1354.5,699.112,967.175,1900.84,-278.611,-650.835,1064.51,259.509,1794.53,-89.0611,-2.50196],[1362549600000,-1621.52,-396.167,-1133.82,598.078,1294.29,1645.28,-365.0,-394.771,843.587,147.272,1866.88,-99.3945,31.5754],[1362560400000,-1715.16,-476.685,-1106.06,585.366,1335.44,1613.13,-375.869,-362.554,815.792,133.151,1875.98,-100.695,35.8628],[1362571200000,-1145.2,13.4145,-1275.06,662.739,1084.94,1808.84,-309.711,-558.65,984.977,219.103,1820.57,-92.7812,9.76612],[1362582000000,-696.298,366.019,-1423.51,729.926,863.954,1981.22,-249.922,-715.427,1131.78,294.868,1719.74,-84.3302,-12.2624],[1362592800000,-710.938,366.784,-1410.55,714.079,869.154,1974.29,-248.529,-732.262,1096.7,292.446,1744.03,-65.7932,-13.779],[1362603600000,-724.798,366.472,-1398.78,699.357,873.426,1968.25,-246.82,-745.063,1064.1,290.379,1765.25,-48.324,-15.042],[1362614400000,-844.918,345.329,-1305.61,576.765,898.834,1925.25,-225.066,-800.166,792.475,276.507,1917.6,101.653,-22.9094],[1362625200000,-880.558,240.976,-1353.53,698.665,968.624,1899.7,-278.993,-649.701,1063.53,259.012,1794.85,-89.1069,-2.351],[1362636000000,-1624.81,-399.002,-1132.85,597.63,1295.74,1644.15,-365.383,-393.636,842.609,146.775,1867.2,-99.4403,31.7264],[1362646800000,-1715.16,-476.685,-1106.06,585.366,1335.44,1613.13,-375.869,-362.554,815.792,133.151,1875.98,-100.695,35.8628],[1362657600000,-1147.45,11.4826,-1274.39,662.434,1085.92,1808.06,-309.972,-557.877,984.31,218.765,1820.79,-92.8124,9.86898],[1362668400000,-693.97,381.164,-1418.23,728.286,872.721,1974.63,-253.666,-724.774,1128.3,291.918,1742.02,-86.0774,-12.3418],[1362679200000,-699.33,364.764,-1421.41,726.937,864.049,1980.59,-249.101,-714.631,1125.23,294.712,1722.35,-80.5102,-12.3404],[1362690000000,-725.15,366.417,-1398.45,698.945,873.454,1968.17,-246.759,-745.245,1063.23,290.357,1765.71,-47.8331,-15.0661]]}