{"columns":["snapshot","1","2","3","4","5","6","7","8","9","10","11","12","13","14","15"],"index":[0,1,2,3,4,5,6,7,8,9,10,11,12,13,14,15,16,17,18,19,20,21,22,23,24,25,26,27,28,29,30,31,32,33,34,35,36,37,38,39,40,41,42,43,44,45,46,47,48,49,50,51,52,53,54,55],"data":[[1362096000000,-1549.4225,69.385538,256.2031,-685.96739,-2748.6,-49.715489,-161.63873,344.17304,-227.59712,-783.14204,-12.955499,-25.399957,-46.466183,-32.858252,5.2570322],[1362106800000,-1418.2093,79.31106,103.7585,-804.42011,-2078.8078,-87.277702,-193.1799,577.65242,-236.58903,-661.22218,-14.473958,-20.839564,-42.035093,-11.758847,5.694601],[1362117600000,-1196.7124,96.066027,-153.57851,-1004.3765,-948.15216,-150.68532,-246.42357,971.78175,-251.768,-455.41304,-17.037223,-13.141303,-34.473109,-7.7078551,3.5519022],[1362128400000,-1168.9469,98.166331,-185.83675,-1029.4418,-806.41989,-158.63372,-253.09788,1021.1875,-253.67075,-429.61402,-4.7643519,-25.068858,-33.590128,-16.891684,3.1826722],[1362139200000,-1338.4976,85.340795,11.148721,-876.37989,-1671.9103,-110.09667,-212.34109,719.49067,-242.0516,-587.15612,-5.7860103,-58.467127,35.973879,-41.50112,8.1805169],[1362150000000,-1489.6954,73.903551,186.81162,-739.88606,-2443.7163,-66.813487,-175.996,450.45086,-231.69016,-727.64516,185.10653,-123.28137,219.38101,-61.540818,6.021644],[1362160800000,-1493.3066,73.630386,191.00713,-736.62606,-2462.15,-65.779718,-175.12794,444.02515,-231.44269,-731.00058,185.14832,-123.4046,368.46155,-61.622913,13.595798],[1362171600000,-1507.5346,72.554118,207.53736,-723.78172,-2534.7785,-61.706684,-171.70779,418.70797,-230.46766,-744.22088,15.438428,-105.94232,71.141082,-44.663327,6.103257],[1362182400000,-1566.7663,68.073575,276.35334,-670.31022,-2837.1336,-44.750486,-157.4696,313.31156,-226.40856,-799.2575,-12.751458,-25.927856,-46.969889,-16.629786,4.9750772],[1362193200000,-1428.26,78.550787,115.43544,-795.34688,-2130.1124,-84.400516,-190.76391,559.7684,-235.90027,-670.56098,-14.357647,-28.946646,-42.292506,-14.335919,4.716104],[1362204000000,-1219.0756,94.374384,-127.59681,-984.18814,-1062.3073,-144.28345,-241.04789,931.98899,-250.23548,-476.19229,-16.778426,-16.689908,-35.228316,-18.071875,3.4120072],[1362214800000,-1197.3387,96.018655,-152.85092,-1003.8111,-951.34897,-150.50604,-246.27303,970.66739,-251.72509,-455.99494,-8.4627627,-13.163069,-34.494258,-21.949356,3.3125622],[1362225600000,-1349.7027,84.493191,24.166945,-866.26445,-1729.1082,-106.88899,-209.64759,699.55236,-241.28372,-597.56764,63.503696,-40.880737,24.532475,-25.430102,5.381188],[1362236400000,-1486.8682,74.117412,183.52696,-742.43831,-2429.2846,-67.622825,-176.67561,455.48154,-231.88391,-725.0182,178.38687,-123.25538,321.75328,-29.858301,6.00871],[1362247200000,-1499.9392,73.128665,198.71297,-730.63845,-2496.007,-63.881005,-173.53358,432.22312,-230.98816,-737.16344,116.81278,-123.70967,368.642,-30.155453,13.626142],[1362258000000,-1529.566,70.887565,233.1337,-703.89281,-2647.2405,-55.399768,-166.41185,379.50541,-228.95786,-764.69194,15.693386,-124.73937,142.06074,-25.569481,13.761683],[1362268800000,-1586.0704,63.757351,301.86571,-652.52001,-2947.1933,-38.464261,-152.19102,276.89275,-222.87027,-813.45417,-13.627035,-25.449249,-47.711454,-22.509079,4.6180912],[1362279600000,-1431.3549,78.316673,119.03115,-792.55293,-2145.9108,-83.514535,-190.01995,554.26131,-235.68818,-673.43671,-9.8316999,-21.296446,-42.397023,-21.731221,4.730263],[1362290400000,-1219.0756,94.374384,-127.59681,-984.18814,-1062.3073,-144.28345,-241.04789,931.98899,-250.23548,-476.19229,1.1119886,-13.918548,-35.228316,-15.830572,3.4120072],[1362301200000,-1197.3387,96.018655,-152.85092,-1003.8111,-951.34897,-150.50604,-246.27303,970.66739,-251.72509,-455.99494,-31.002529,-23.517174,-34.494258,-10.919075,3.2480892],[1362312000000,-1346.197,84.758376,20.093998,-869.42922,-1711.213,-107.89256,-210.49029,705.79036,-241.52397,-594.31024,-14.067011,-118.36627,53.421079,-16.392398,5.36515],[1362322800000,-1486.2223,74.166266,182.77662,-743.02134,-2425.9878,-67.807708,-176.83085,456.63074,-231.92816,-724.41811,41.454639,-123.23293,331.32488,-29.843619,13.563388],[1362333600000,-1489.8022,73.895472,186.9357,-739.78964,-2444.2615,-66.782914,-175.97033,450.26082,-231.68284,-727.7444,185.10777,-123.35735,368.43057,-29.925002,13.579766],[1362344400000,-1526.4975,71.119681,229.56867,-706.66291,-2631.5769,-56.278188,-167.14946,384.9655,-229.16815,-761.84075,116.44336,-47.025348,103.38449,-8.0328841,6.190012],[1362355200000,-1586.0704,63.757351,301.86571,-652.52001,-2947.1933,-38.464261,-152.19102,276.89275,-222.87027,-813.45417,-13.621713,-25.449249,-47.711454,-4.561211,4.6180912],[1362366000000,-1429.7866,78.38208,117.26658,-793.96194,-2138.12,-83.949323,-190.38504,557.01335,-235.75436,-671.90979,-14.339408,-21.243659,-42.345732,-8.9582191,5.747792],[1362376800000,-1196.6591,96.012712,-153.57851,-1004.4173,-948.11133,-150.68532,-246.42357,971.83507,-251.72717,-455.28839,-17.037223,-13.141303,-34.473109,-7.4527032,3.3096972],[1362387600000,-1168.8596,98.079092,-185.83675,-1029.5086,-806.35308,-158.63372,-253.09788,1021.2747,-253.60394,-429.41008,-17.358538,-17.806597,-33.535462,-8.4037815,3.1826722],[1362398400000,-1338.3995,85.242694,11.148721,-876.45502,-1671.8352,-110.09667,-212.34109,719.58877,-241.97647,-586.92677,35.891252,-118.06889,37.082134,-25.802135,5.329925],[1362409200000,-1486.3394,74.072604,183.00417,-742.90491,-2426.9272,-67.75164,-176.78377,456.36108,-231.85436,-724.41576,185.06861,-123.16436,368.36,-29.848072,13.564285],[1362420000000,-1488.1356,73.755711,185.28658,-741.26032,-2436.8265,-67.189256,-176.31154,453.0337,-231.59085,-725.84773,162.68235,-45.641992,368.40097,-59.151555,6.015639],[1362430800000,-1503.5893,72.712334,203.10511,-727.32551,-2515.2048,-62.798786,-172.62484,425.62663,-230.62925,-740.37136,15.394279,-46.209019,82.122206,-32.600817,6.085804],[1362441600000,-1566.8404,68.017474,276.49393,-670.23693,-2837.7154,-44.715844,-157.44051,313.14318,-226.36431,-799.26019,-55.544421,-9.1446549,-46.973975,-2.9151486,4.9731092],[1362452400000,-1425.2935,78.732891,112.03469,-798.01944,-2115.1405,-85.238458,-191.46754,565.01619,-236.07075,-667.74927,-49.907262,-29.010444,-42.275656,-1.1362121,5.72719],[1362463200000,-1196.6642,96.017783,-153.57851,-1004.4134,-948.11521,-150.68532,-246.42357,971.83,-251.73106,-455.30025,2.0073774,-13.141303,-34.555108,2.3731284,3.4035072],[1362474000000,-1168.9469,98.166331,-185.83675,-1029.4418,-806.41989,-158.63372,-253.09788,1021.1875,-253.67075,-429.61402,3.1120458,-34.598457,-33.617461,-9.5155613,3.1826722],[1362484800000,-1344.0587,84.855506,17.679455,-871.35138,-1700.5583,-108.4875,-210.98987,709.54848,-241.62038,-592.23872,-3.8738484,-40.686663,24.416011,-22.280193,5.355642],[1362495600000,-1497.2512,73.273982,195.65276,-733.05761,-2482.5201,-64.635039,-174.16675,436.96399,-231.12737,-734.58991,82.337732,-123.61813,320.0414,-61.713816,10.456601],[1362506400000,-1510.7193,72.19812,211.36173,-720.89204,-2551.4996,-60.764361,-170.91652,412.95767,-230.16013,-747.02934,140.66876,-124.08806,368.86907,-62.0212,6.118317],[1362517200000,-1516.6316,71.86598,218.10637,-715.56936,-2581.2153,-59.102487,-169.52104,402.52079,-229.84425,-752.67361,-7.0786679,-115.71832,143.72054,-29.025083,13.702509],[1362528000000,-1565.4419,68.173761,274.8146,-671.50586,-2830.3729,-45.129631,-157.78797,315.66825,-226.49932,-798.02686,-12.698648,-25.956722,-47.004122,-22.964,4.9966082],[1362538800000,-1426.4672,78.686397,113.35261,-796.96528,-2120.9612,-84.913721,-191.19485,562.95838,-236.02313,-668.89522,-7.1573224,-21.126572,-42.313964,-10.51598,4.3608092],[1362549600000,-1197.7258,95.989372,-152.40118,-1003.4617,-953.32499,-150.39522,-246.17998,969.97858,-251.69856,-456.35463,-17.025495,-26.619963,-34.50733,-7.1745133,3.3634022],[1362560400000,-1168.9469,98.166331,-185.83675,-1029.4418,-806.41989,-158.63372,-253.09788,1021.1875,-253.67075,-429.61402,-23.829532,-12.176295,-33.535462,-11.820594,4.554243],[1362571200000,-1344.1188,84.915585,17.679455,